"term","conf.low","conf.high"
"(Intercept)",5.00362074780738e-06,5.14071242016997e-05
"age",1.07632800832064,1.11050533089279
"pack_years",1.61482310779021,1.75047349867522
"copdYes",3.65701120614178,7.74946442718038
