"term","odds_ratio"
"(Intercept)",0.134562392074792
"age",1.01646697194695
