"term","conf.low","conf.high"
"(Intercept)",0.0985380415875769,0.183118883491503
"age",1.01096642796136,1.02202502103031
