"term","estimate","std.error","statistic","p.value"
"(Intercept)",-10.2061317216213,0.540357907084628,-18.8877253165148,1.43914787459256e-79
"age",0.0802910460259876,0.00741938042131223,10.8217993237482,2.7139617183203e-27
"pack_years",0.530066635506281,0.0195107461976812,27.1679324888803,1.55477097110363e-162
