"term","odds_ratio"
"(Intercept)",1.66833287880222e-05
"age",1.09292202516595
"pack_years",1.67844079775328
"copdYes",5.30227433398763
