"Model","Accuracy","AUC"
"Logistic (Model 3)",0.9552,0.992928784470036
"LASSO",0.9552,0.992928784470036
